power,time
16,0.3919243
18,1.518773
20,5.717475
22,21.85427
24,86.72157
26,346.2988
