power,time
16,0.4073341
18,1.572713
20,6.302016
22,25.2151
24,100.9964
26,404.9961
