power,time
16,0.4102677
18,1.658993
20,6.607622000000001
22,26.385070000000002
24,105.3816
26,438.9656
