power,time
16,0.49698349999999997
18,1.726305
20,6.900391999999999
22,27.891499999999997
24,110.6309
26,441.15119999999996
