power,time
16,0.4623422
18,1.842482
20,7.199399
22,27.790460000000003
24,111.38109999999999
26,442.1971
