power,time
16,0.5108744
18,2.116709
20,7.853542
22,31.42445
24,146.3595
26,481.0598
