power,time
16,0.3253762
18,1.257161
20,5.031173
22,20.01056
24,81.11681999999999
26,323.8375
