power,time
16,0.6978028000000001
18,2.672012
20,10.71232
22,42.64084
24,217.60279999999997
26,742.422
